legacy_id,id,content_sha256
ev9v_000,ev9v_d47d8e7414433eb2,d47d8e7414433eb237a777420d375458ae0a134f4c051151475e2a5feaee11a9
ev9v_001,ev9v_7de26f89888ddbbc,7de26f89888ddbbc642a07d495e0799e6decc5566bbad96577cb73d50c39269e
ev9v_002,ev9v_a9b7d8c2e96c23f1,a9b7d8c2e96c23f101cb7a6258ae5fe6d683da2a1195cc8916eb5d9f4fda2a05
ev9v_003,ev9v_ab4ebfd3efdbf565,ab4ebfd3efdbf565e713622ce192278165d6b9ff4d82d2dcf0607572bb568079
ev9v_004,ev9v_cd3379c7d3cb01d0,cd3379c7d3cb01d06036331949a4038d65e9f83a6ca0530c6d922ad1b7eb83ef
ev9v_005,ev9v_8e2bfdace84406da,8e2bfdace84406dab50f94cc7b3244a0219e686aff3911bd7ebc78d6a271a1da
ev9v_006,ev9v_64426727a52ea9f4,64426727a52ea9f456f919a04303d08aed70571073d2080a07513f486d0e0439
ev9v_007,ev9v_c4c5ec54d47a2742,c4c5ec54d47a27424f73d0213ebad71aaaac112bd13dbe07d68b15161c3efc31
ev9v_008,ev9v_e09d4abae5858917,e09d4abae5858917dc2c71bd540ce4207b6fc94280f111a8ed0a146e59214186
echonet_lvh_009,echonet_lvh_a67d379a7405b52b,a67d379a7405b52b50b80c1a14704efe979460bbefc29821f1c3dc77e4be09eb
echonet_lvh_010,echonet_lvh_24657dca58306dc0,24657dca58306dc05487e6927b45edc08939674b45e5dd33626509c5576fb2f7
echonet_lvh_011,echonet_lvh_5d68166d53e7e5f8,5d68166d53e7e5f857afee780bb72bcc56d82aa5cd73cb7151680bc62c4a30a1
echonet_lvh_012,echonet_lvh_8442fde4aa40235e,8442fde4aa40235ee67234b5a2016bb66ca4bff3727f43d9dd26a3937cdec008
echonet_lvh_013,echonet_lvh_02907cc4ceb21209,02907cc4ceb21209b5d6e8a41d0f29d6d948957857da206bec000794844d70d0
echonet_lvh_014,echonet_lvh_c6af06e00b18e433,c6af06e00b18e43382f11baceeb0050ac7e754a11e0b4cd856f335ce86cec062
echonet_dynamic_015,echonet_dynamic_65eeaa7cb86174a6,65eeaa7cb86174a654e62a7647ccaa60a7559fb87585395ccb4880c1afe23fd7
echonet_dynamic_016,echonet_dynamic_e9977aca1011e859,e9977aca1011e8591fa7a522913d52d397060c0077e9d8375651c5546bb81a4f
echonet_dynamic_017,echonet_dynamic_253bdfc84a7433e0,253bdfc84a7433e093e21dc53223095f4928e11462a903fdd1925bb902f3790c
echonet_pediatric_018,echonet_pediatric_ec2795c85edb3b30,ec2795c85edb3b30a1bbdec9ee56edde745353f4ea8d5a55095caac9861957cc
echonet_pediatric_019,echonet_pediatric_2da49c476c883db0,2da49c476c883db01c1bc29bfe0c04aa5b98e6e8b80900d244362301b8a93573
echonet_pediatric_020,echonet_pediatric_d0b7a9333a42d623,d0b7a9333a42d623eb6dfda2ba80358ecb157aaaf341c03df648bf430503766d
echonet_pediatric_021,echonet_pediatric_4f064a47d24ca2cc,4f064a47d24ca2cc7e3caf762c92ca0008ac408917e47321e5cbdcbe9736df79
camus_022,camus_b44ec4d9834df03f,b44ec4d9834df03fb7282ed621dd61042246db5c7e3e9997675c289e8808b9fb
camus_023,camus_fadaec5426192524,fadaec5426192524445b2ae24b2f15ce18a59febe1b39246e57b832100988676
camus_024,camus_6bd0af2f39722390,6bd0af2f39722390dbc51ded5b914e65dc7cf74b2654b2c0a056fdbb41a4bd89
camus_025,camus_981d2350e6c238f2,981d2350e6c238f2adb6a555f7e0a33ba737485622f666bee2ab87cb617403d9
camus_026,camus_3210f261a108459d,3210f261a108459dbd8f67ef7b3e55e24ea9de6746b66784fa911d4e4b3cc361
camus_027,camus_3518ff05a734f881,3518ff05a734f8812384f9c704fafaac3088e9de3b434629de39c69c149512a2
unity_028,unity_24b50131b53951af,24b50131b53951af82a16b77aace8752a93680eb40ca864b80bab91772158e5f
unity_029,unity_bdefb61b0cc5feb6,bdefb61b0cc5feb606226790e635eaa4494e2f5d1e5d251c78759fe53c820198
unity_030,unity_fc86dbff7f0169f8,fc86dbff7f0169f8ea0d0b95d524c099978dce7d5c7da6534d9ef6d9667646c3
unity_031,unity_7cda63d7242f48fa,7cda63d7242f48fa340d2972db705d6e6142aaa5f5c0b2893b20a271a6411ce6
unity_032,unity_582ed785aebe2a63,582ed785aebe2a6306a45d094a6c319e8b171b4ba382da27427dcb6ecbcf5bdf
unity_033,unity_78163c3df2f4022b,78163c3df2f4022b92cb3368669de641483c3c01d75ea594dc87fa8e5e9403c6
samples_dicom_034,samples_dicom_22340375674ff253,22340375674ff253196ce8a147acf0458bea3f105ff2c6af81f0eb119729605b
samples_dicom_035,samples_dicom_2427fdc82d90cd4c,2427fdc82d90cd4ce8a69b5157eecb37549902dce138ac15c6456a7eae70b83d
samples_dicom_036,samples_dicom_b7556a5414d5ed6b,b7556a5414d5ed6bd0359b8222eda10efcce81762428848d9a3ac6be5b55cb6c
samples_dicom_037,samples_dicom_af5a66e40cd49d15,af5a66e40cd49d15dfbf7b78c850eba0662bdc7339339c3fa13f123a57e812cb
samples_dicom_038,samples_dicom_eb89e1fa39011987,eb89e1fa39011987da376cc3d9d0d6b67417bcdba9a4a9acdd7c799e6158e241
